has_csrf_token_in_form,has_csrf_token_in_header,has_samesite_cookie,has_origin_check,has_referer_check,http_method,is_state_changing,content_type,requires_auth,token_entropy,token_changes_per_request,response_sets_cookie,auth_mechanism,endpoint_sensitivity,is_vulnerable
0,0,absent,0,0,POST,1,multipart/form-data,1,0.0,0,1,cookie,0.706,1
1,1,Strict,1,1,POST,1,application/json,1,3.9656,1,1,mixed,0.0362,0
0,0,absent,0,0,POST,1,application/json,1,0.0,0,1,cookie,0.7714,1
0,0,absent,0,0,PUT,1,application/json,1,0.0,0,1,cookie,0.4758,1
1,0,Strict,1,1,PUT,1,application/json,1,4.0214,1,0,cookie,0.1802,0
0,0,absent,0,0,PUT,1,application/json,1,0.0,0,0,mixed,0.8867,1
1,0,Strict,0,1,POST,1,application/json,0,4.8369,1,0,none,0.345,0
0,0,absent,0,0,POST,1,application/json,1,0.0,0,1,mixed,0.8723,1
0,0,None,0,0,GET,0,application/x-www-form-urlencoded,1,0.0,0,0,mixed,0.7922,1
0,0,None,0,0,GET,0,application/json,1,0.0,0,1,cookie,0.8417,1
1,1,Lax,1,1,POST,1,application/x-www-form-urlencoded,1,4.0871,1,1,cookie,0.0701,0
0,0,absent,0,0,GET,0,application/json,1,0.0,0,0,cookie,0.7421,1
0,0,absent,0,0,GET,0,application/x-www-form-urlencoded,1,0.0,0,1,cookie,0.9825,1
0,0,absent,0,0,PUT,1,application/json,1,0.0,0,1,mixed,0.9692,1
1,0,Lax,1,0,PUT,1,application/x-www-form-urlencoded,1,3.7682,1,0,cookie,0.0642,0
0,1,Lax,1,0,POST,1,application/json,0,4.8958,0,1,mixed,0.3071,0
0,0,absent,0,0,GET,0,application/x-www-form-urlencoded,1,0.0,0,0,cookie,0.6057,1
0,0,absent,0,0,POST,1,application/x-www-form-urlencoded,1,0.0,0,1,cookie,0.8066,1
0,0,None,0,0,POST,1,application/x-www-form-urlencoded,1,0.0,0,0,cookie,0.749,1
1,1,Lax,1,0,POST,1,application/x-www-form-urlencoded,1,4.8032,1,1,cookie,0.0,0
1,0,Lax,1,0,PUT,1,application/json,1,5.0568,1,1,none,0.128,0
0,0,None,0,0,POST,1,application/x-www-form-urlencoded,1,0.0,0,1,cookie,0.4241,1
1,1,Lax,1,1,POST,1,application/x-www-form-urlencoded,1,5.4116,1,0,mixed,0.556,0
0,0,absent,0,0,POST,1,application/x-www-form-urlencoded,1,0.0,0,0,cookie,0.472,1
1,0,Lax,1,1,POST,1,application/json,1,5.0791,1,1,mixed,0.4337,0
1,0,Lax,1,0,POST,1,application/x-www-form-urlencoded,1,4.4917,1,0,cookie,0.2406,0
0,0,absent,0,0,GET,0,application/x-www-form-urlencoded,1,0.0,0,1,mixed,0.8998,1
1,0,Strict,1,1,PUT,1,application/x-www-form-urlencoded,1,5.2863,1,1,cookie,0.4815,0
0,0,None,0,0,POST,1,application/json,1,0.0,0,1,cookie,0.3039,1
0,0,absent,0,0,POST,1,application/json,1,0.0,0,1,cookie,0.3748,1
0,0,absent,0,0,PUT,1,application/x-www-form-urlencoded,1,0.0,0,0,cookie,0.3456,1
1,0,Strict,1,0,POST,1,multipart/form-data,1,4.3297,1,1,cookie,0.2393,0
0,0,absent,0,0,GET,0,multipart/form-data,1,0.0,0,1,cookie,0.5426,1
1,0,Lax,1,0,GET,0,application/json,1,4.8911,1,0,mixed,0.4867,0
0,0,absent,1,0,PUT,1,application/json,1,0.0,0,1,cookie,0.3068,1
0,0,absent,0,0,POST,1,application/x-www-form-urlencoded,1,0.0,0,1,mixed,0.7201,1
1,0,Lax,1,1,POST,1,multipart/form-data,0,5.1281,1,1,cookie,0.2957,0
0,1,Lax,0,0,POST,1,multipart/form-data,1,5.4931,0,1,mixed,0.0853,0
0,0,absent,0,0,POST,1,application/x-www-form-urlencoded,1,0.0,0,1,cookie,0.4844,1
0,0,None,0,0,POST,1,application/x-www-form-urlencoded,1,0.0,0,0,mixed,0.9117,1
0,0,absent,0,0,GET,0,application/x-www-form-urlencoded,1,0.0,0,1,cookie,0.388,1
1,1,Strict,1,0,POST,1,application/x-www-form-urlencoded,1,4.209,1,1,cookie,0.2655,0
0,0,absent,0,0,GET,0,application/x-www-form-urlencoded,1,0.0,0,0,mixed,0.748,1
1,1,Strict,1,1,POST,1,application/x-www-form-urlencoded,1,4.9829,1,0,mixed,0.5249,0
0,0,Lax,0,0,POST,1,multipart/form-data,1,4.5734,0,1,none,0.0216,0
1,1,Lax,1,1,POST,1,multipart/form-data,1,4.9605,1,1,cookie,0.4189,0
1,0,Lax,1,0,PUT,1,application/json,1,4.721,1,1,mixed,0.4011,0
1,1,Lax,1,0,POST,1,multipart/form-data,1,4.5348,1,1,cookie,0.0636,0
1,0,Lax,1,0,POST,1,application/x-www-form-urlencoded,1,3.901,1,1,cookie,0.1331,0
0,0,absent,0,0,PUT,1,application/x-www-form-urlencoded,1,0.0,0,1,mixed,0.8298,1
0,0,None,0,0,PUT,1,application/json,1,0.0,0,1,mixed,0.3908,1
1,0,Strict,1,1,POST,1,application/x-www-form-urlencoded,1,5.4571,1,1,none,0.5216,0
0,0,absent,0,0,PUT,1,application/json,1,0.0,0,1,mixed,0.8448,1
0,0,absent,0,0,POST,1,application/x-www-form-urlencoded,1,0.0,0,1,cookie,0.3277,1
0,0,None,0,0,POST,1,application/x-www-form-urlencoded,1,0.0,0,1,cookie,0.314,1
1,1,Lax,1,1,POST,1,multipart/form-data,1,4.8195,1,1,mixed,0.2858,0
0,0,None,0,0,GET,0,application/x-www-form-urlencoded,1,0.0,0,1,mixed,0.5964,1
1,1,Lax,1,0,GET,0,application/x-www-form-urlencoded,1,3.6329,1,0,none,0.5033,0
0,0,Lax,1,1,POST,1,multipart/form-data,1,4.9637,0,1,mixed,0.2181,0
0,0,absent,0,0,PUT,1,application/json,1,0.0,0,0,cookie,0.9233,1
1,0,Lax,1,1,PUT,1,application/x-www-form-urlencoded,0,3.6594,1,0,mixed,0.3297,0
0,0,absent,0,0,GET,0,application/x-www-form-urlencoded,1,0.0,0,0,mixed,0.5967,1
1,1,Lax,1,1,POST,1,application/x-www-form-urlencoded,1,4.3672,1,1,cookie,0.5586,0
0,0,None,0,0,PUT,1,application/x-www-form-urlencoded,1,0.0,0,1,mixed,0.7504,1
1,0,Lax,1,0,GET,0,application/json,1,3.8979,1,0,cookie,0.0717,0
0,0,absent,0,0,POST,1,application/x-www-form-urlencoded,1,0.0,0,0,mixed,0.5062,1
1,0,Strict,1,0,POST,1,application/json,1,3.5967,1,1,mixed,0.2258,0
0,0,absent,0,0,POST,1,application/x-www-form-urlencoded,1,0.0,0,1,cookie,0.4404,1
0,0,absent,0,0,PUT,1,application/x-www-form-urlencoded,1,0.0,0,0,mixed,0.9834,1
1,1,Strict,1,1,POST,1,application/x-www-form-urlencoded,1,4.8607,1,0,none,0.0719,0
0,0,None,0,0,PUT,1,application/x-www-form-urlencoded,1,0.0,0,0,cookie,0.5034,1
1,1,Lax,1,0,PUT,1,multipart/form-data,0,3.8444,1,1,none,0.0374,0
0,0,absent,0,0,GET,0,multipart/form-data,1,0.0,0,1,cookie,0.3463,1
1,0,Lax,1,1,PUT,1,multipart/form-data,1,4.6136,1,0,none,0.07,0
1,1,Lax,1,0,POST,1,application/x-www-form-urlencoded,1,3.8574,1,0,cookie,0.3594,0
0,0,None,0,0,POST,1,application/x-www-form-urlencoded,1,0.0,0,1,cookie,0.5736,1
0,0,absent,1,0,POST,1,application/x-www-form-urlencoded,1,0.0,0,1,cookie,0.4432,1
1,0,absent,1,0,POST,1,application/x-www-form-urlencoded,1,1.5155,0,1,mixed,0.4589,1
1,0,Strict,0,1,GET,0,application/x-www-form-urlencoded,1,3.8747,0,1,none,0.2522,0
0,0,absent,0,0,GET,0,multipart/form-data,1,0.0,0,0,cookie,0.8506,1
0,0,absent,0,0,POST,1,application/json,1,0.0,0,0,cookie,0.6237,1
0,1,Strict,0,1,POST,1,application/json,0,5.1276,1,1,cookie,0.3882,0
1,0,Lax,1,0,POST,1,multipart/form-data,1,4.5247,1,1,mixed,0.3239,0
1,1,Lax,1,1,PUT,1,application/x-www-form-urlencoded,1,4.1065,1,0,cookie,0.0534,0
0,0,absent,0,0,POST,1,application/x-www-form-urlencoded,1,0.0,0,1,cookie,0.8867,1
0,0,absent,0,0,POST,1,application/x-www-form-urlencoded,1,0.0,0,1,mixed,0.5874,1
1,1,Strict,1,1,POST,1,multipart/form-data,1,4.939,1,0,mixed,0.5762,0
1,0,Lax,1,1,GET,0,application/json,1,3.7448,1,1,mixed,0.3316,0
0,0,None,0,0,POST,1,multipart/form-data,1,0.0,0,1,mixed,0.6708,1
1,0,Lax,1,1,PUT,1,application/x-www-form-urlencoded,0,4.6572,1,0,cookie,0.2575,0
1,0,Lax,1,1,POST,1,multipart/form-data,1,3.992,1,1,none,0.0071,0
1,1,Lax,1,1,POST,1,application/x-www-form-urlencoded,1,5.088,1,1,none,0.3015,0
1,1,Lax,1,1,POST,1,multipart/form-data,1,4.6198,1,1,cookie,0.4791,0
1,0,Strict,1,0,GET,0,multipart/form-data,1,4.789,1,0,none,0.3095,0
0,0,None,0,0,POST,1,multipart/form-data,1,0.0,0,0,cookie,0.4959,1
1,1,Lax,1,1,PUT,1,application/x-www-form-urlencoded,1,3.8719,1,0,mixed,0.3694,0
1,1,Strict,1,0,POST,1,application/x-www-form-urlencoded,1,4.2933,1,1,none,0.2747,0
1,1,Lax,1,0,POST,1,application/x-www-form-urlencoded,0,3.598,1,1,mixed,0.3979,0
1,0,Lax,1,1,POST,1,application/x-www-form-urlencoded,1,5.1454,1,0,cookie,0.3138,0
1,1,Lax,1,0,GET,0,application/x-www-form-urlencoded,1,3.6655,1,1,none,0.5255,0
1,0,Lax,1,0,PUT,1,application/json,0,4.2329,1,1,none,0.2119,0
0,0,absent,0,0,POST,1,multipart/form-data,1,0.0,0,0,cookie,0.8255,1
0,0,absent,0,0,POST,1,application/x-www-form-urlencoded,1,0.0,0,1,cookie,0.3315,1
1,1,Lax,1,1,POST,1,application/json,0,4.4986,1,1,mixed,0.2597,0
0,0,absent,0,0,GET,0,application/json,1,0.0,0,1,cookie,0.661,1
0,0,None,0,0,POST,1,multipart/form-data,1,0.0,0,0,cookie,0.9751,1
0,0,None,0,0,PUT,1,multipart/form-data,1,0.0,0,0,cookie,0.5809,1
1,0,Strict,1,1,PUT,1,application/x-www-form-urlencoded,1,3.8783,1,0,mixed,0.2099,0
1,1,Lax,1,1,POST,1,application/x-www-form-urlencoded,1,4.4736,1,1,cookie,0.3945,0
1,0,Lax,1,0,PUT,1,application/x-www-form-urlencoded,0,3.5257,1,1,none,0.5914,0
0,0,None,0,0,POST,1,application/x-www-form-urlencoded,1,0.0,0,0,cookie,0.9496,1
1,0,Lax,1,0,POST,1,application/x-www-form-urlencoded,0,4.0135,1,0,cookie,0.4196,0
0,0,absent,0,0,PUT,1,multipart/form-data,1,0.0,0,0,mixed,0.7758,1
0,0,None,0,0,POST,1,application/x-www-form-urlencoded,1,0.0,0,1,cookie,0.7384,1
0,0,absent,0,0,POST,1,application/json,1,0.0,0,1,cookie,0.6264,1
1,0,Lax,1,1,PUT,1,multipart/form-data,1,4.6679,1,0,none,0.2311,0
1,1,Lax,1,1,POST,1,multipart/form-data,1,4.3004,1,1,cookie,0.2846,0
1,1,Strict,1,1,GET,0,multipart/form-data,1,5.1477,1,0,mixed,0.5865,0
1,1,Strict,1,1,POST,1,application/json,0,4.17,1,1,cookie,0.3033,0
0,0,None,0,0,GET,0,application/json,1,0.0,0,1,cookie,0.664,1
1,0,Lax,1,1,POST,1,application/x-www-form-urlencoded,1,3.5324,1,0,cookie,0.0667,0
1,1,Lax,1,0,POST,1,application/x-www-form-urlencoded,1,4.9701,1,1,none,0.0672,0
1,0,None,0,0,POST,1,application/x-www-form-urlencoded,1,1.377,0,1,mixed,0.3077,1
1,0,absent,1,0,PUT,1,application/x-www-form-urlencoded,1,1.4211,0,1,cookie,0.8269,1
1,1,Lax,0,1,POST,1,application/json,0,5.4427,1,1,mixed,0.4451,0
0,0,absent,0,0,POST,1,application/x-www-form-urlencoded,1,0.0,0,0,cookie,0.9396,1
0,0,None,0,0,POST,1,application/x-www-form-urlencoded,1,0.0,0,1,mixed,0.521,1
0,0,absent,0,0,POST,1,application/json,1,0.0,0,1,cookie,0.9312,1
0,0,absent,0,0,POST,1,application/json,1,0.0,0,1,cookie,0.4853,1
0,0,absent,0,0,POST,1,application/x-www-form-urlencoded,1,0.0,0,1,cookie,0.6177,1
1,1,Lax,1,0,PUT,1,application/json,0,4.8375,1,1,mixed,0.0589,0
0,0,absent,0,0,POST,1,multipart/form-data,1,0.0,0,1,cookie,0.4799,1
1,1,Lax,1,1,POST,1,application/json,1,3.7373,1,0,cookie,0.2136,0
1,0,Strict,1,0,POST,1,application/x-www-form-urlencoded,1,4.601,1,0,cookie,0.1255,0
1,0,Lax,1,0,GET,0,application/json,1,3.5594,1,0,cookie,0.2595,0
0,0,None,0,0,PUT,1,application/json,1,0.0,0,1,cookie,0.9308,1
0,0,absent,0,0,POST,1,multipart/form-data,1,0.0,0,0,cookie,0.5887,1
1,0,Lax,1,0,POST,1,application/x-www-form-urlencoded,1,3.9835,1,1,mixed,0.0731,0
0,0,absent,0,0,POST,1,application/x-www-form-urlencoded,1,0.0,0,1,cookie,0.903,1
0,0,absent,0,0,PUT,1,application/json,1,0.0,0,1,cookie,0.3966,1
1,0,Lax,1,0,POST,1,application/x-www-form-urlencoded,0,4.7001,1,0,none,0.1626,0
1,0,Lax,1,0,POST,1,application/x-www-form-urlencoded,0,3.6763,1,1,cookie,0.4606,0
1,1,Lax,1,1,POST,1,application/x-www-form-urlencoded,1,4.7725,1,1,mixed,0.5343,0
1,1,Lax,1,0,POST,1,application/x-www-form-urlencoded,0,4.0402,1,0,cookie,0.2843,0
1,0,absent,0,0,POST,1,application/x-www-form-urlencoded,1,1.228,0,1,mixed,0.7427,1
0,0,None,0,0,GET,0,application/json,1,0.0,0,1,cookie,0.9943,1
0,0,absent,0,0,GET,0,application/json,1,0.0,0,1,cookie,0.9501,1
0,0,absent,0,0,POST,1,multipart/form-data,1,0.0,0,0,cookie,0.8872,1
0,0,absent,0,0,GET,0,application/json,1,0.0,0,0,cookie,0.608,1
1,0,Lax,1,1,POST,1,application/x-www-form-urlencoded,1,4.4103,1,0,mixed,0.3694,0
0,0,absent,0,0,POST,1,application/x-www-form-urlencoded,1,0.0,0,1,cookie,0.365,1
1,1,Lax,1,0,POST,1,application/x-www-form-urlencoded,1,3.884,1,1,cookie,0.4012,0
1,1,Strict,1,1,POST,1,multipart/form-data,1,4.7819,1,1,cookie,0.593,0
1,1,Strict,1,0,POST,1,application/x-www-form-urlencoded,1,4.4147,1,1,cookie,0.1187,0
1,0,Lax,1,1,PUT,1,application/json,1,4.4595,1,1,cookie,0.3527,0
0,0,absent,0,0,POST,1,application/x-www-form-urlencoded,1,0.0,0,0,mixed,0.8897,1
0,0,None,0,0,POST,1,application/x-www-form-urlencoded,1,0.0,0,0,cookie,0.4035,1
0,0,None,0,0,POST,1,application/x-www-form-urlencoded,1,0.0,0,1,mixed,0.4497,1
1,0,Lax,1,1,POST,1,multipart/form-data,1,4.0263,1,0,mixed,0.3764,0
0,0,absent,1,0,GET,0,multipart/form-data,1,0.0,0,1,mixed,0.5403,1
0,0,None,0,0,POST,1,multipart/form-data,1,0.0,0,1,cookie,0.6403,1
0,0,None,0,0,POST,1,application/x-www-form-urlencoded,1,0.0,0,0,cookie,0.8157,1
0,0,absent,0,0,PUT,1,application/json,1,0.0,0,1,mixed,0.8743,1
1,1,Lax,1,0,PUT,1,application/x-www-form-urlencoded,1,3.8509,1,0,cookie,0.2586,0
1,1,Lax,1,1,PUT,1,application/json,0,4.8866,1,0,cookie,0.3908,0
1,1,Strict,1,1,POST,1,application/x-www-form-urlencoded,1,3.88,1,1,cookie,0.2742,0
0,0,None,0,0,POST,1,multipart/form-data,1,0.0,0,1,mixed,0.7443,1
0,0,None,0,0,POST,1,multipart/form-data,1,0.0,0,1,cookie,0.381,1
0,0,None,0,0,POST,1,multipart/form-data,1,0.0,0,1,mixed,0.3312,1
1,1,Strict,1,0,POST,1,application/json,1,4.5318,1,1,none,0.1546,0
0,0,absent,0,0,GET,0,multipart/form-data,1,0.0,0,1,mixed,0.8237,1
0,0,None,1,0,PUT,1,application/x-www-form-urlencoded,1,0.0,0,1,cookie,0.7152,1
0,0,absent,0,0,POST,1,multipart/form-data,1,0.0,0,1,cookie,0.4221,1
1,0,None,0,0,POST,1,application/json,1,0.286,0,0,cookie,0.5165,1
1,1,Lax,1,1,PUT,1,application/json,1,4.7882,1,0,mixed,0.021,0
1,0,Lax,1,0,POST,1,multipart/form-data,0,4.5911,1,0,cookie,0.0596,0
1,1,Strict,1,0,POST,1,application/json,1,4.9238,1,1,none,0.2393,0
1,0,Lax,1,0,GET,0,application/x-www-form-urlencoded,1,4.3813,1,0,cookie,0.1874,0
0,0,None,0,0,GET,0,application/x-www-form-urlencoded,1,0.0,0,0,cookie,0.6359,1
0,0,absent,0,0,GET,0,application/json,1,0.0,0,0,cookie,0.4188,1
1,0,Strict,1,0,GET,0,application/x-www-form-urlencoded,0,4.924,1,1,mixed,0.5513,0
1,0,Strict,1,0,PUT,1,multipart/form-data,0,4.6634,1,1,cookie,0.3579,0
0,0,absent,0,0,POST,1,multipart/form-data,1,0.0,0,1,mixed,0.5207,1
1,1,Lax,1,0,POST,1,application/json,0,5.3287,1,0,cookie,0.5858,0
1,1,Lax,1,0,POST,1,multipart/form-data,1,4.6287,1,0,cookie,0.5605,0
0,0,absent,0,0,PUT,1,multipart/form-data,1,0.0,0,0,cookie,0.4626,1
0,0,Lax,1,0,POST,1,application/json,0,4.4338,1,1,none,0.4837,0
0,0,absent,0,0,POST,1,application/x-www-form-urlencoded,1,0.0,0,0,cookie,0.5734,1
1,1,Strict,1,1,POST,1,application/x-www-form-urlencoded,1,3.8755,1,1,mixed,0.179,0
1,1,Lax,1,1,POST,1,application/json,1,5.1341,1,0,cookie,0.3384,0
1,0,Strict,1,1,PUT,1,application/json,1,5.409,1,1,mixed,0.1304,0
1,0,absent,0,0,POST,1,application/x-www-form-urlencoded,1,1.4815,0,1,mixed,0.9491,1
0,0,absent,0,0,POST,1,application/x-www-form-urlencoded,1,0.0,0,1,mixed,0.8302,1
1,1,Strict,1,1,POST,1,application/json,1,4.8945,1,0,mixed,0.1908,0
1,0,Lax,1,1,POST,1,multipart/form-data,1,4.6516,1,0,mixed,0.4847,0
1,0,Lax,1,0,POST,1,application/x-www-form-urlencoded,1,4.6947,1,0,mixed,0.3062,0
0,0,absent,0,0,POST,1,application/x-www-form-urlencoded,1,0.0,0,1,cookie,0.3278,1
1,0,Lax,1,1,POST,1,application/x-www-form-urlencoded,0,3.8453,1,0,cookie,0.2103,0
1,1,Lax,1,0,POST,1,application/x-www-form-urlencoded,1,4.5752,1,1,cookie,0.5467,0
0,0,absent,0,0,POST,1,application/x-www-form-urlencoded,1,0.0,0,1,cookie,0.7453,1
1,1,Lax,1,0,POST,1,application/x-www-form-urlencoded,0,4.5976,1,0,mixed,0.4716,0
1,0,Lax,1,1,POST,1,application/x-www-form-urlencoded,1,3.9017,1,1,cookie,0.3779,0
0,0,absent,0,0,GET,0,multipart/form-data,1,0.0,0,1,cookie,0.3536,1
1,0,Lax,1,1,POST,1,multipart/form-data,1,4.164,1,0,mixed,0.3173,0
1,1,Lax,1,0,PUT,1,multipart/form-data,1,3.5169,1,0,cookie,0.4326,0
1,1,Lax,1,0,GET,0,application/x-www-form-urlencoded,0,5.3154,1,0,mixed,0.3023,0
0,0,absent,0,0,POST,1,application/x-www-form-urlencoded,1,0.0,0,0,cookie,0.8386,1
1,1,Lax,1,1,POST,1,multipart/form-data,1,4.0754,1,1,cookie,0.1036,0
1,0,Strict,1,1,PUT,1,multipart/form-data,0,4.511,1,0,cookie,0.2987,0
0,0,None,0,0,GET,0,application/x-www-form-urlencoded,1,0.0,0,1,cookie,0.3875,1
1,0,Lax,1,0,PUT,1,application/json,0,3.6625,1,0,cookie,0.2374,0
1,0,Lax,1,0,POST,1,application/json,1,4.036,1,0,mixed,0.5189,0
1,0,absent,0,0,POST,1,application/x-www-form-urlencoded,1,0.8744,0,1,cookie,0.4879,1
1,1,Lax,1,1,PUT,1,application/json,1,4.5477,1,0,none,0.1036,0
1,0,Lax,1,0,POST,1,application/x-www-form-urlencoded,1,5.099,1,1,cookie,0.0125,0
1,1,Strict,1,1,PUT,1,multipart/form-data,1,5.2077,1,1,cookie,0.5431,0
0,0,None,0,0,POST,1,multipart/form-data,1,0.0,0,1,mixed,0.3668,1
1,1,Strict,1,1,PUT,1,application/x-www-form-urlencoded,1,4.563,1,1,mixed,0.4676,0
0,0,absent,0,0,POST,1,multipart/form-data,1,0.0,0,1,mixed,0.8233,1
1,1,Lax,1,0,POST,1,application/x-www-form-urlencoded,1,4.9257,1,1,cookie,0.0055,0
1,1,Lax,1,1,POST,1,application/x-www-form-urlencoded,0,4.0987,1,1,cookie,0.267,0
0,0,None,0,0,POST,1,application/x-www-form-urlencoded,1,0.0,0,1,cookie,0.8497,1
1,1,Lax,1,0,POST,1,application/x-www-form-urlencoded,1,4.4618,1,1,cookie,0.0756,0
1,1,Lax,1,0,POST,1,multipart/form-data,1,4.2879,1,0,cookie,0.5027,0
0,0,absent,0,0,POST,1,application/json,1,0.0,0,1,cookie,0.6035,1
0,0,absent,0,0,POST,1,application/json,1,0.0,0,0,mixed,0.8235,1
0,0,None,0,0,POST,1,application/json,1,0.0,0,1,cookie,0.506,1
0,0,None,0,0,POST,1,application/x-www-form-urlencoded,1,0.0,0,1,cookie,0.8311,1
1,1,Lax,1,1,POST,1,application/x-www-form-urlencoded,0,5.3515,1,0,mixed,0.5693,0
0,0,Lax,1,1,POST,1,application/x-www-form-urlencoded,1,4.7655,1,1,none,0.2171,0
1,1,Lax,1,0,POST,1,application/x-www-form-urlencoded,0,5.0121,1,1,none,0.4565,0
1,0,absent,0,0,POST,1,application/json,1,1.8858,0,1,cookie,0.7169,1
1,1,Strict,1,1,GET,0,application/x-www-form-urlencoded,1,4.6861,1,0,none,0.4912,0
0,0,absent,0,0,PUT,1,application/json,1,0.0,0,1,cookie,0.3193,1
0,0,absent,0,0,POST,1,application/x-www-form-urlencoded,1,0.0,0,1,cookie,0.6284,1
0,0,absent,0,0,POST,1,application/x-www-form-urlencoded,1,0.0,0,1,cookie,0.7192,1
1,0,absent,1,0,POST,1,application/x-www-form-urlencoded,1,0.4427,0,0,mixed,0.5666,1
1,1,Strict,1,0,PUT,1,application/x-www-form-urlencoded,0,5.128,1,0,cookie,0.0441,0
1,0,Lax,1,0,GET,0,multipart/form-data,0,4.9343,1,1,cookie,0.5036,0
0,0,absent,0,0,GET,0,application/x-www-form-urlencoded,1,0.0,0,0,mixed,0.8229,1
0,0,absent,0,0,POST,1,application/x-www-form-urlencoded,1,0.0,0,1,cookie,0.4602,1
1,1,Lax,1,0,PUT,1,application/json,1,4.2502,1,1,cookie,0.3294,0
1,0,Lax,1,0,POST,1,application/x-www-form-urlencoded,0,4.9002,1,0,cookie,0.3243,0
1,1,Lax,1,0,POST,1,application/x-www-form-urlencoded,1,3.6088,1,1,cookie,0.5174,0
1,0,Strict,1,0,GET,0,application/json,1,4.8857,1,0,none,0.5843,0
1,1,Lax,1,0,POST,1,application/json,0,4.1615,1,0,cookie,0.4078,0
1,1,Strict,1,1,POST,1,multipart/form-data,1,4.1886,1,1,none,0.0879,0
0,0,absent,0,0,GET,0,multipart/form-data,1,0.0,0,1,mixed,0.6634,1
0,0,absent,0,0,GET,0,application/x-www-form-urlencoded,1,0.0,0,1,cookie,0.4096,1
1,0,Lax,1,0,POST,1,application/x-www-form-urlencoded,1,5.4749,1,0,none,0.0488,0
1,0,Lax,1,1,PUT,1,application/json,1,3.6333,1,1,cookie,0.5628,0
1,0,Lax,1,1,POST,1,multipart/form-data,0,5.1979,1,0,cookie,0.1848,0
1,1,Lax,1,1,GET,0,application/json,1,3.9874,1,0,none,0.1202,0
1,1,Lax,1,1,POST,1,application/x-www-form-urlencoded,1,3.5801,1,0,cookie,0.4267,0
1,1,Strict,1,1,GET,0,application/x-www-form-urlencoded,0,5.05,1,0,none,0.4651,0
1,1,Strict,1,1,PUT,1,application/x-www-form-urlencoded,0,4.9737,1,1,cookie,0.4913,0
1,1,Lax,1,0,POST,1,application/json,1,4.7597,1,0,cookie,0.1603,0
1,0,Strict,1,0,PUT,1,application/json,0,4.9521,1,0,cookie,0.5018,0
1,1,Strict,1,0,POST,1,application/x-www-form-urlencoded,1,4.6932,1,1,mixed,0.4012,0
1,0,Lax,1,1,POST,1,application/x-www-form-urlencoded,1,3.6079,1,1,cookie,0.4927,0
0,0,absent,0,0,POST,1,multipart/form-data,1,0.0,0,0,cookie,0.9513,1
1,0,Strict,1,0,PUT,1,application/x-www-form-urlencoded,1,3.9057,1,0,none,0.0643,0
0,0,absent,0,0,POST,1,application/json,1,0.0,0,1,cookie,0.4201,1
1,0,None,0,0,POST,1,application/x-www-form-urlencoded,1,1.2731,0,1,cookie,0.817,1
0,1,Lax,1,1,GET,0,multipart/form-data,1,4.0415,1,0,cookie,0.0308,0
0,0,absent,1,0,PUT,1,application/json,1,0.0,0,0,mixed,0.9796,1
1,1,Strict,1,0,POST,1,application/x-www-form-urlencoded,1,5.2896,1,1,none,0.3133,0
1,1,Lax,1,1,POST,1,application/x-www-form-urlencoded,0,4.6036,1,0,cookie,0.4599,0
1,1,Lax,1,1,POST,1,application/x-www-form-urlencoded,1,5.4084,1,0,mixed,0.0092,0
0,0,None,0,0,POST,1,multipart/form-data,1,0.0,0,1,cookie,0.872,1
1,0,Strict,1,0,POST,1,application/x-www-form-urlencoded,0,3.7705,1,0,cookie,0.4789,0
1,0,Strict,1,1,POST,1,application/x-www-form-urlencoded,1,3.8001,1,0,mixed,0.1212,0
0,0,absent,0,0,POST,1,application/x-www-form-urlencoded,1,0.0,0,1,mixed,0.7499,1
0,0,Lax,1,0,POST,1,application/json,1,4.3637,1,1,none,0.2217,0
0,0,absent,0,0,POST,1,application/json,1,0.0,0,1,cookie,0.8158,1
0,0,None,0,0,POST,1,application/x-www-form-urlencoded,1,0.0,0,0,mixed,0.5769,1
0,0,absent,0,0,POST,1,application/json,1,0.0,0,1,cookie,0.9195,1
1,0,Strict,1,1,POST,1,multipart/form-data,1,4.4337,1,0,cookie,0.0927,0
1,0,Lax,1,0,GET,0,multipart/form-data,1,3.6798,1,0,cookie,0.0817,0
0,0,absent,0,0,GET,0,application/x-www-form-urlencoded,1,0.0,0,1,mixed,0.9361,1
1,0,Lax,1,0,GET,0,application/json,1,5.3473,1,0,mixed,0.5878,0
0,0,absent,0,0,POST,1,application/x-www-form-urlencoded,1,0.0,0,1,cookie,0.3066,1
0,0,None,0,0,POST,1,application/json,1,0.0,0,1,mixed,0.9226,1
1,1,Lax,1,1,POST,1,application/json,0,4.1403,1,1,cookie,0.5269,0
0,0,None,0,0,POST,1,application/x-www-form-urlencoded,1,0.0,0,1,mixed,0.3278,1
0,0,absent,0,0,POST,1,application/x-www-form-urlencoded,1,0.0,0,0,mixed,0.6553,1
0,0,absent,0,0,GET,0,multipart/form-data,1,0.0,0,1,cookie,0.8239,1
1,0,Strict,1,1,POST,1,application/json,1,5.2294,1,1,none,0.5604,0
1,0,Strict,1,0,POST,1,application/x-www-form-urlencoded,0,5.2476,1,1,cookie,0.1993,0
0,0,Strict,1,1,POST,1,application/x-www-form-urlencoded,1,5.4932,0,0,cookie,0.5999,0
1,1,Strict,1,0,POST,1,multipart/form-data,1,5.2786,1,1,cookie,0.0724,0
0,0,absent,0,0,GET,0,multipart/form-data,1,0.0,0,1,cookie,0.3214,1
0,0,absent,0,0,GET,0,application/x-www-form-urlencoded,1,0.0,0,0,mixed,0.3729,1
0,0,None,0,0,PUT,1,application/x-www-form-urlencoded,1,0.0,0,1,cookie,0.6319,1
1,1,Lax,1,0,GET,0,application/json,0,4.5752,1,1,mixed,0.4497,0
1,1,Lax,1,1,POST,1,multipart/form-data,1,5.4855,1,0,none,0.311,0
0,0,None,0,0,PUT,1,multipart/form-data,1,0.0,0,1,cookie,0.4425,1
0,0,absent,0,0,GET,0,multipart/form-data,1,0.0,0,0,mixed,0.4985,1
1,0,None,1,0,POST,1,application/x-www-form-urlencoded,1,1.9768,0,1,cookie,0.4435,1
0,0,None,0,0,GET,0,multipart/form-data,1,0.0,0,0,mixed,0.5751,1
0,0,absent,0,0,PUT,1,application/x-www-form-urlencoded,1,0.0,0,1,cookie,0.8487,1
0,0,None,0,0,POST,1,application/x-www-form-urlencoded,1,0.0,0,1,cookie,0.499,1
1,0,Lax,1,1,GET,0,multipart/form-data,1,5.3434,1,1,none,0.3923,0
0,0,absent,0,0,POST,1,application/x-www-form-urlencoded,1,0.0,0,1,mixed,0.9945,1
0,0,None,0,0,POST,1,application/x-www-form-urlencoded,1,0.0,0,1,mixed,0.7348,1
0,0,absent,0,0,POST,1,multipart/form-data,1,0.0,0,0,cookie,0.5135,1
0,0,absent,0,0,POST,1,application/json,1,0.0,0,1,cookie,0.46,1
0,0,None,0,0,PUT,1,multipart/form-data,1,0.0,0,1,cookie,0.957,1
1,1,Lax,1,0,GET,0,application/x-www-form-urlencoded,1,4.0292,1,0,none,0.208,0
0,0,absent,0,0,POST,1,application/x-www-form-urlencoded,1,0.0,0,1,cookie,0.9182,1
1,0,Strict,1,0,POST,1,application/x-www-form-urlencoded,1,3.8991,1,1,cookie,0.3902,0
0,0,absent,0,0,GET,0,multipart/form-data,1,0.0,0,0,cookie,0.3472,1
0,0,absent,0,0,POST,1,application/json,1,0.0,0,1,cookie,0.3992,1
1,0,Lax,1,1,POST,1,application/json,1,4.1412,1,1,cookie,0.2887,0
0,0,None,0,0,POST,1,application/x-www-form-urlencoded,1,0.0,0,0,cookie,0.7051,1
1,0,Strict,1,0,PUT,1,application/x-www-form-urlencoded,1,5.0672,1,0,mixed,0.2147,0
1,0,Strict,1,1,POST,1,application/x-www-form-urlencoded,0,3.7667,1,0,cookie,0.2574,0
1,1,Lax,1,0,GET,0,application/x-www-form-urlencoded,1,3.7552,1,1,mixed,0.1202,0
0,0,absent,0,0,PUT,1,application/x-www-form-urlencoded,1,0.0,0,1,cookie,0.5772,1
0,0,None,0,0,GET,0,multipart/form-data,1,0.0,0,1,cookie,0.4113,1
0,0,absent,0,0,POST,1,application/json,1,0.0,0,0,mixed,0.4179,1
0,0,None,0,0,GET,0,multipart/form-data,1,0.0,0,0,cookie,0.8277,1
1,1,Lax,1,0,POST,1,multipart/form-data,1,5.2299,1,1,cookie,0.0475,0
0,0,absent,0,0,POST,1,application/x-www-form-urlencoded,1,0.0,0,1,cookie,0.601,1
0,0,None,0,0,POST,1,multipart/form-data,1,0.0,0,0,mixed,0.4349,1
0,0,None,0,0,POST,1,application/x-www-form-urlencoded,1,0.0,0,1,cookie,0.6537,1
1,1,Strict,1,1,POST,1,multipart/form-data,1,4.3441,1,0,mixed,0.414,0
0,0,None,0,0,GET,0,application/x-www-form-urlencoded,1,0.0,0,1,mixed,0.4464,1
0,0,None,0,0,PUT,1,application/x-www-form-urlencoded,1,0.0,0,0,mixed,0.5005,1
1,0,Lax,1,1,POST,1,application/x-www-form-urlencoded,1,4.1354,1,0,cookie,0.1477,0
0,0,None,0,0,GET,0,multipart/form-data,1,0.0,0,1,mixed,0.9237,1
1,0,Lax,1,1,POST,1,multipart/form-data,1,3.7083,1,0,cookie,0.2946,0
0,0,None,0,0,POST,1,application/x-www-form-urlencoded,1,0.0,0,1,cookie,0.9235,1
1,1,Lax,1,0,POST,1,application/json,0,4.0657,1,1,mixed,0.2638,0
0,0,absent,0,0,GET,0,multipart/form-data,1,0.0,0,1,cookie,0.3088,1
1,0,Lax,1,1,PUT,1,application/x-www-form-urlencoded,1,3.5293,1,0,cookie,0.4399,0
0,0,absent,0,0,GET,0,application/x-www-form-urlencoded,1,0.0,0,1,mixed,0.6441,1
0,0,absent,0,0,GET,0,multipart/form-data,1,0.0,0,1,mixed,0.5245,1
1,0,Lax,1,0,POST,1,application/x-www-form-urlencoded,1,5.1583,1,0,cookie,0.0158,0
0,0,absent,0,0,POST,1,application/json,1,0.0,0,1,cookie,0.3355,1
0,0,absent,0,0,GET,0,multipart/form-data,1,0.0,0,0,mixed,0.5381,1
0,0,absent,0,0,POST,1,application/x-www-form-urlencoded,1,0.0,0,1,cookie,0.3244,1
1,0,Lax,1,1,POST,1,application/x-www-form-urlencoded,1,3.821,1,1,none,0.5198,0
0,0,None,0,0,PUT,1,application/x-www-form-urlencoded,1,0.0,0,0,cookie,0.911,1
1,0,Lax,1,0,POST,1,application/x-www-form-urlencoded,1,3.9958,0,1,none,0.5182,0
0,0,None,0,0,PUT,1,application/x-www-form-urlencoded,1,0.0,0,1,cookie,0.9865,1
0,0,None,0,0,GET,0,multipart/form-data,1,0.0,0,1,mixed,0.9291,1
0,0,None,0,0,GET,0,application/x-www-form-urlencoded,1,0.0,0,0,mixed,0.8807,1
1,1,Lax,1,0,POST,1,application/x-www-form-urlencoded,0,4.5077,1,0,cookie,0.354,0
0,0,None,0,0,POST,1,multipart/form-data,1,0.0,0,1,mixed,0.3443,1
1,1,Strict,1,0,PUT,1,multipart/form-data,0,5.4656,1,0,cookie,0.3583,0
0,0,absent,0,0,POST,1,application/x-www-form-urlencoded,1,0.0,0,1,mixed,0.7408,1
0,0,None,0,0,PUT,1,application/x-www-form-urlencoded,1,0.0,0,1,mixed,0.7544,1
0,0,None,0,0,POST,1,multipart/form-data,1,0.0,0,0,mixed,0.4808,1
1,0,Strict,1,1,POST,1,application/x-www-form-urlencoded,1,4.9634,1,1,cookie,0.1334,0
1,0,Lax,1,1,POST,1,application/x-www-form-urlencoded,1,5.0242,1,0,mixed,0.5942,0
1,1,Lax,1,1,PUT,1,multipart/form-data,0,4.3392,1,0,cookie,0.081,0
0,0,None,0,0,POST,1,multipart/form-data,1,0.0,0,0,cookie,0.687,1
1,0,absent,1,0,POST,1,multipart/form-data,1,0.1433,0,1,mixed,0.6095,1
1,0,Lax,1,0,PUT,1,application/x-www-form-urlencoded,1,5.3719,1,0,none,0.1372,0
0,0,None,0,0,POST,1,multipart/form-data,1,0.0,0,1,cookie,0.6372,1
1,0,Lax,1,1,POST,1,application/x-www-form-urlencoded,0,5.479,1,1,cookie,0.1858,0
1,1,Strict,1,1,POST,1,application/x-www-form-urlencoded,1,4.5922,1,0,cookie,0.4928,0
1,1,Lax,1,0,POST,1,application/x-www-form-urlencoded,1,4.4168,1,1,cookie,0.4005,0
0,0,None,0,0,POST,1,application/json,1,0.0,0,1,cookie,0.3057,1
0,0,absent,0,0,POST,1,multipart/form-data,1,0.0,0,0,mixed,0.529,1
1,0,absent,0,0,POST,1,application/x-www-form-urlencoded,1,1.8279,0,1,cookie,0.8225,1
1,0,Strict,1,0,PUT,1,application/x-www-form-urlencoded,1,4.8745,1,0,none,0.3758,0
0,0,absent,0,0,POST,1,application/json,1,0.0,0,1,mixed,0.3952,1
1,1,Lax,1,1,POST,1,application/x-www-form-urlencoded,1,4.859,1,1,cookie,0.3447,0
1,1,Lax,1,0,POST,1,application/json,1,4.451,1,1,cookie,0.4794,0
0,0,absent,0,0,GET,0,multipart/form-data,1,0.0,0,1,mixed,0.8214,1
0,0,absent,0,0,POST,1,application/json,1,0.0,0,1,mixed,0.5567,1
1,0,None,1,0,POST,1,application/json,1,1.6428,0,0,mixed,0.6991,1
0,0,absent,0,0,PUT,1,application/x-www-form-urlencoded,1,0.0,0,1,cookie,0.994,1
1,1,Lax,1,0,PUT,1,multipart/form-data,1,4.5612,1,1,mixed,0.1465,0
1,0,absent,0,0,GET,0,application/x-www-form-urlencoded,1,1.326,0,0,cookie,0.6113,1
1,0,Lax,1,1,POST,1,multipart/form-data,1,3.7615,0,1,mixed,0.4643,0
0,0,None,0,0,POST,1,multipart/form-data,1,0.0,0,1,cookie,0.7324,1
0,0,absent,0,0,GET,0,multipart/form-data,1,0.0,0,1,cookie,0.5546,1
1,0,Lax,1,0,POST,1,application/x-www-form-urlencoded,1,4.7449,1,0,none,0.2696,0
1,1,Lax,1,1,PUT,1,application/x-www-form-urlencoded,1,4.8322,1,1,mixed,0.2493,0
1,1,Lax,1,1,POST,1,application/x-www-form-urlencoded,1,5.2328,1,1,cookie,0.3135,0
0,0,absent,0,0,POST,1,application/x-www-form-urlencoded,1,0.0,0,0,cookie,0.3727,1
1,1,Lax,0,1,POST,1,application/x-www-form-urlencoded,0,3.6117,1,0,cookie,0.4095,0
0,0,None,0,0,GET,0,application/x-www-form-urlencoded,1,0.0,0,1,cookie,0.9179,1
1,1,Lax,1,1,GET,0,application/x-www-form-urlencoded,1,4.7664,1,1,none,0.2574,0
0,0,None,0,0,POST,1,application/x-www-form-urlencoded,1,0.0,0,1,cookie,0.4402,1
1,1,Lax,1,1,GET,0,application/json,1,4.009,1,0,none,0.5026,0
0,0,absent,0,0,POST,1,application/x-www-form-urlencoded,1,0.0,0,0,cookie,0.5045,1
0,0,absent,0,0,GET,0,application/json,1,0.0,0,1,mixed,0.5006,1
1,1,Lax,1,0,POST,1,application/x-www-form-urlencoded,0,5.1555,1,1,mixed,0.4514,0
0,0,absent,0,0,POST,1,application/x-www-form-urlencoded,1,0.0,0,1,cookie,0.7389,1
1,1,Strict,1,1,PUT,1,application/json,0,5.2939,1,1,cookie,0.1166,0
0,0,None,1,0,PUT,1,application/x-www-form-urlencoded,1,0.0,0,0,cookie,0.5682,1
1,0,Lax,1,0,POST,1,application/json,0,5.4294,1,1,cookie,0.1025,0
1,0,Lax,1,1,GET,0,application/x-www-form-urlencoded,1,4.6025,1,0,cookie,0.3029,0
1,1,Lax,1,1,POST,1,application/x-www-form-urlencoded,1,5.3358,1,0,none,0.5848,0
1,1,Strict,1,1,PUT,1,application/json,1,5.1856,1,0,none,0.0706,0
0,0,absent,0,0,PUT,1,application/json,1,0.0,0,1,cookie,0.3928,1
